m_deb2,asym_se2,sigma_hat2,mae_prop
-0.02737811638574899,0.035124487567406965,1.0089405572710957,0.25787342484205517
0.0005399752913118357,0.03573537666083592,0.9970439261355648,0.2798360028330616
0.04930572857028636,0.03387680242839197,1.0049742322921635,0.3375223959282717
-0.02549946749350564,0.03530503734038916,0.9737643049443715,0.2776735279958723
0.045100707279369594,0.035946654109827114,1.0068283126245898,0.45935598283456797
0.023663032666569075,0.03538996749745561,1.0598437956128768,0.41520742493901935
-0.0027656904245362507,0.03623067281921636,1.0450239211970669,0.2572077961089428
-0.0017115404493499057,0.03604447703892046,1.0176488738254779,0.3718111320491491
0.050587272867151215,0.033818495039498665,1.0135456491100365,0.44506487243010967
-0.0031053612647680916,0.035227171836575304,1.1054598453938476,0.35498149858467437
-0.07398310713775089,0.03612018067504627,1.0248988176351257,0.2991943599923223
0.03082614704019143,0.03532589841632163,1.0497264378531652,0.41345040547061623
-0.006144886828849908,0.03644083224248974,1.0684733744202979,0.3006360773432079
-0.03225729915874657,0.035180241479585844,1.0169832065653437,0.37481027041728004
0.019989273244136633,0.0367119126166336,1.0060850252726703,0.44325877084340654
0.033193065386177376,0.0361977175920283,1.0344727142439583,0.3650061304056942
-0.06263582998844973,0.0365435869450106,1.0465564590680678,0.29710241093335954
-0.017289489168216987,0.03695369164189344,1.0915399250639384,0.39433023326199
-0.03816093068167034,0.03528085808506161,1.0108551521883704,0.3433994044762552
-0.09725990431187159,0.03585194711614715,1.085401022521031,0.23564529990425684
-0.0007392188595916726,0.0357479750804974,1.0700178730182244,0.30607405766115137
0.005245234272986799,0.03498821795670234,1.0961568362003953,0.4035349851806736
-0.029345493865945278,0.03644713214885021,1.042355958509055,0.2943988815858799
-0.01666532610961604,0.034573073793216245,1.0118788486887884,0.33784904582615366
0.03430983243131223,0.03559302560466768,1.046307022427946,0.22838783444432637
-0.061803178437731324,0.035649402548538364,0.9975156817341677,0.33344118861277516
-0.031018302369251235,0.03603520715752267,1.0606020454463754,0.3202407749160156
0.06000819269294957,0.03519775070726811,0.9951092424229189,0.2685292296923879
0.00422352060932697,0.03558912231268879,1.0580824883767637,0.3058236021709964
-0.013218309879967038,0.03618955212499572,1.0691786523717408,0.2515875309541348
0.019861228961825916,0.03549063032062429,1.0046644887622218,0.38793911622748367
0.044366270802302606,0.03751340199206957,1.0274489781269656,0.24044928754217007
0.07178478479289864,0.03563343453880323,1.0450400484240492,0.3044430500274954
-0.014006274390092662,0.03584392164454077,1.0177589412086987,0.41852229142830166
-0.11195524580270275,0.03671263732411475,1.0472518974580187,0.44136301681870754
0.03555593456971827,0.03630123315089903,1.0292692686924998,0.34903398239838446
0.015195496879525806,0.036614948928480634,1.0248256061825518,0.2915645736821069
-0.07264227020275899,0.0345811015701301,1.0249746299164997,0.3726413817566451
-0.00843910560802811,0.035609466890301,1.0393285695358434,0.21349925557993188
-0.03375599602705133,0.035422362518784424,1.021052055355309,0.2854047615480033
-0.033706254465693836,0.03659154845983664,0.9935577428220765,0.25206383371475566
0.054058746338735614,0.034865414070326076,1.0392469001873577,0.3631640362459154
-0.008313575974803915,0.03419004327802084,1.0619104765649579,0.2999036607314309
0.024867426143672385,0.03505988376134343,1.0612683622637489,0.31035367413224435
0.013171673612817179,0.03517664396532539,0.9941515904278327,0.4044304945656907
-0.04290612684727431,0.03793390860041005,1.0093190081662375,0.2150261782074677
-0.02241308904712236,0.0344236520447657,1.0042525683506796,0.3968814894049187
-0.07716155996854653,0.036027431620338356,1.027818087836804,0.29180487828544527
0.023530369384883974,0.03495223864838703,1.0521482930708863,0.22858938626652672
-0.019989013203191717,0.03757879785382139,1.00268279194528,0.23939366111506757
-0.01585460104217566,0.034384684228645344,0.9919483813688221,0.36934281752955334
-0.009400683025959667,0.0356187079563577,1.0082289416114179,0.3116614841581193
-0.08497323012756063,0.03571515070249589,1.0419026791860488,0.5001606656364086
0.0326325886969659,0.03587807867728544,1.0775653142626114,0.3996362578405953
-0.028288222620285818,0.03503659299935648,0.9946899243468745,0.355532875555677
0.007270593728242829,0.03577786393952449,1.0136287804745816,0.32414049772106585
-0.053099420541174114,0.03580063042619234,0.9655088115902579,0.4117690331557595
-0.008061970450896872,0.035643482451600844,1.0409177119522084,0.3495061770546658
-0.06314373517113163,0.034439088644584864,1.036295267634966,0.29117935111774523
-0.023300698438982647,0.0345568889637622,1.042441215835357,0.2934076928224577
0.004509322155385765,0.03624212087936359,1.0624465855941583,0.315615659166058
-0.025967015711224083,0.03457989217339391,1.0203656483510484,0.34350703638624824
0.011872314356045362,0.03633881903642834,1.0417453904951963,0.41566917046715673
-0.005085554571422362,0.036743197476683954,1.025736874554192,0.38386591375949525
0.027910427090399936,0.0346110620277749,1.0389773180488329,0.2809315512008226
-0.04457677934721705,0.03618634286503919,1.0376010311907886,0.30286577572631235
0.015854846153994233,0.03470260389014071,1.0180332848097897,0.3752106164563755
-0.008036416078435627,0.03623213720378836,1.082667389685786,0.4390472541791869
-0.06491342041769159,0.03386696175495458,1.0403760224759815,0.3074568969256636
0.04124775748644139,0.03533507624526967,1.0396875273639126,0.26847233997030046
-0.00021212395437042453,0.036041673795341046,1.0024836042960619,0.240412082686523
0.015687404848552005,0.035880141547883444,1.056021694230111,0.347364474441126
-0.0008028931616575807,0.03737087297835843,1.0141319131817634,0.3667566302170768
0.0499178126468108,0.0363465013381333,1.0109553714520743,0.3365764354908343
-0.01764455067136273,0.035873098809545124,1.0255355560549295,0.3856623599426168
0.01307585264839064,0.03552582199309511,1.0259635072915634,0.3260510146716501
-0.012223812429303527,0.036684725675026356,1.0884795432570626,0.34131030716825383
-0.04388438862644204,0.03387991670007208,0.9784735272656742,0.19561803225989788
0.022185195131993338,0.03549750000455381,1.0266865875731155,0.41379487301270823
-0.0515076415032244,0.03473103467811469,1.0263558094595198,0.3857162943781579
0.0315863874396597,0.03710078393273803,1.0154352387888514,0.2512156528726206
-0.023019848241292003,0.03464138522537255,1.0134190055894003,0.2790196744451082
-0.039361769045995997,0.03658177192195699,1.063682931539075,0.36767871363910704
-0.007265090717956462,0.036919593435355946,1.0381022821158743,0.24120400983474902
0.03451341148241464,0.036390569978804896,1.047595076103674,0.21603587327213059
-0.04925445330858681,0.03690454255773198,0.9969590674663052,0.3671858787306633
-0.014799459565330901,0.036705374234599596,1.063305952537868,0.425315763260853
-0.016339759377704415,0.03674914869386423,1.0350229617156381,0.3178424997947256
0.013631280798645078,0.03642933066563572,1.052017056349914,0.22681937745273142
-0.0613892746966387,0.03708531913483506,0.9760184260200006,0.3841373194540401
-0.06464166998562856,0.03601868025689002,1.0460311691987552,0.4935922659648725
0.002495852608305914,0.035288896254358555,1.0496708595075719,0.4113142449139977
0.04372968021418888,0.03578325511678486,1.023915314105551,0.4384034020243979
-0.014248060021085605,0.036694926271194375,1.0101241101657112,0.23651407021491383
-0.0022376509269633766,0.0350749993182439,1.0230205665279297,0.362251072067685
0.01617443108597481,0.03574342980851112,1.0038220711651462,0.293859391818384
0.013753866605417291,0.03688403458474777,1.0212163974020692,0.25196968863284563
0.021058119399100555,0.0358536793385831,1.0263679761930755,0.37897434931236923
0.0033199288228607108,0.03517417216948357,1.0465819951101445,0.2419739196165124
-0.0241239111500396,0.036315868883270666,0.9817556842619174,0.3663694841623124
-0.01722316794980731,0.035867265613748756,1.0320797767391887,0.3008173464335266
0.04601420869481092,0.03497020322963911,0.9660278140291919,0.29867356836868
-0.03193001730946707,0.03524678603664817,1.0492537040280223,0.39536968928279825
-0.05966996742653298,0.03647212517954384,1.0396130859786339,0.3134463825400519
0.044013652210447736,0.03641551397618069,1.0151305916288886,0.32302293638020413
-0.03838901946492565,0.03553429888713398,1.0768990972945236,0.2729211064995689
-0.01662206987962904,0.03486698288100291,1.0024285537698248,0.35593051509383017
0.008197796095490307,0.034901559820798615,1.0071833511778774,0.32580878652993067
-0.03060508936121405,0.0359174202167514,1.0180221208788374,0.2712541524344244
-0.012108371395105384,0.03543481754289641,1.018267580410255,0.3234499057353538
0.06374885062498732,0.03466193694300806,1.029171095253381,0.20240768460200234
-0.032736537967012175,0.035094582314855245,0.998769961685105,0.3298301574170384
0.03139460167813613,0.036972311835205246,1.074042484556332,0.35471355144507327
-0.04295493911342401,0.03522602572546912,1.0057726966634777,0.29690217181337797
-0.014929997953959532,0.03500522105459668,1.0421726251974506,0.3504598839892598
0.037998275039240505,0.034760202079903484,0.9511935687414593,0.38053970314730967
-0.052986284932037525,0.03673641291317572,1.0276687934138569,0.24927949173229955
-0.05772714632898572,0.03574027905118882,1.0161227374423776,0.22612588533225922
-0.06828987014001943,0.03631975319915905,1.0315665521464261,0.20275346359855986
0.0034531209043926997,0.03650525125555203,1.0077619829057305,0.2508494817497238
0.0060160350716293364,0.035488685597820174,1.0092462865916836,0.17929205580089697
-0.007918198182798169,0.035995558625935876,1.0003215131855498,0.2750155774406903
0.06353950185722876,0.03514264737481317,1.0197232565194732,0.35293703728731834
0.015166493917311334,0.03529722572506473,1.0099630988720731,0.2229957316730888
-0.02604984507463491,0.03542626847842256,1.0684374419399725,0.24091591428315876
-0.0020953827662829566,0.03605401532957187,1.024599559188932,0.2897081968129151
0.005199287874435526,0.03602476107329669,1.0239958273737657,0.26254183194758773
0.04884785560414747,0.03650500913001507,0.9996104201764929,0.434788843846183
-0.03407688891671829,0.036883655547684205,1.062009245401384,0.38864272040197984
0.0030671367691517217,0.03623973968741783,1.0222082720345667,0.2358666401144413
0.03148743328170946,0.036630585825435553,1.0343682925801267,0.2605381720302631
-0.029022450389132835,0.034037167677757496,0.9726773493554066,0.269519076290377
-0.04808699060006861,0.0371909893209508,1.0382253783448865,0.3047029290455369
-0.014474352409077039,0.03530369928363978,1.0306919681149413,0.33643275086686836
0.039674446198186164,0.03656946100023988,1.0514870595248034,0.327362325132033
0.003221922508220206,0.03569832363920317,1.0701590736125859,0.2605736612639449
-0.03241690853335007,0.0363100272833266,1.0316084652161415,0.2507922816641649
-0.02929586529124493,0.03387813448612756,1.0585047864744834,0.295528177069189
-0.021011680558970815,0.03492173841007705,1.0464150895552695,0.3291874047109716
0.009897035114415727,0.03578950267531442,1.0215417037840233,0.29574709214971917
0.005568510084717404,0.037134773111075145,0.9955394718115569,0.4699682478937416
0.023337802516828206,0.034826473945507586,1.0017557815262346,0.3339032601702785
0.049364351876960824,0.03585305431588431,1.0100811716952869,0.27967569532021885
-0.010633846212925612,0.03581556993482189,1.0294224880398124,0.26005994069004384
0.01627329346772508,0.03653448310382413,0.9846193697547031,0.3836147592862686
0.020530663085088625,0.03618006606300907,1.0508204724984471,0.31672660831101235
-0.09695221345303238,0.037222765928888665,1.0630126353606568,0.25219296453268014
0.013726671421786785,0.037048378984167164,1.0387653575695743,0.32390716948490145
-0.007547342110235056,0.036262556876037154,1.0056990768645118,0.22488034328065049
-0.011731106267248544,0.03625992996608912,1.005164583807574,0.34402938775416336
-0.0030566129119569065,0.034603854949771945,1.0952267790780794,0.39875236489207744
0.03596372252610115,0.03650739450675347,1.012423594432412,0.367349214714805
0.017318562598011053,0.034507582597527335,1.0034444211828393,0.34206641101594554
-0.031043210519577483,0.03598009619645137,1.017215586892676,0.40814125615160424
-0.038710548828998305,0.03657565025782891,0.9815828417330399,0.3233869022406769
-0.01909447725150447,0.03387047545963824,0.9956446639872731,0.3121970354694832
-0.03315961308427003,0.0368796823688746,1.0167748521363296,0.452393875745905
0.0038439748167354293,0.03577707987094394,1.0377826520494675,0.47798580102868876
0.023362272585772635,0.03566424896198937,0.9980760265196974,0.2909547066481006
0.01404986411607816,0.03496344854401612,1.0347327209317183,0.2980023680050502
0.012035262303750783,0.034702925718354746,1.03784049069252,0.2752118985805778
0.011582921733439415,0.035076330886263135,1.032424420389926,0.31984115388996215
-0.011174439452169362,0.03552204533880491,1.0321177280573306,0.33958130949958887
-0.014924708910007172,0.033413869510254754,1.0245834540479921,0.2886079206364626
0.03751797441616825,0.035762391799642766,1.0313704183676278,0.3680790620446903
0.016835135963222406,0.034583886608414556,1.0425529715986466,0.3560922776824918
0.008825998079799752,0.03575232505648138,1.0730806115316656,0.26171502721190215
0.062013929763027775,0.03614241881356234,1.002349392198365,0.40740103933075
0.02199614748793229,0.03582650985861276,1.015315581793239,0.29822255825841876
0.012030456426693321,0.03445328115757842,0.9530754683493019,0.3584324353170902
0.05070306934948907,0.036054863960650364,1.0312126597470062,0.31464173708121995
-0.012509867651342321,0.03458815964357707,1.0388081784882317,0.3446596963364095
0.004877527412415168,0.034659285734506766,1.0104860145383017,0.3537438358579125
0.031018964057511377,0.034826156424451124,1.0292470887168312,0.38995574286154827
-0.06079271037013578,0.03528358495978661,0.9986881931640923,0.2553429902765526
0.013056382846799377,0.03624905729301511,0.9921886323689378,0.3253714495562642
-0.005087367461252508,0.035982346409884895,1.04586370354536,0.3620770756053222
0.04188794245577361,0.03382844278404797,1.0310045201178384,0.31158042501725186
0.012886887344407526,0.035804398345182425,1.0246418880015842,0.3967545287002995
-0.024724790225559113,0.035310294072933575,1.0319253184131474,0.22931024978213532
0.02587608993342887,0.038457152156419684,1.0222154091885043,0.2190936672250365
0.03066531684596503,0.036492049241810945,1.0070792208332966,0.39354741285154987
-0.00021881585941171215,0.03685799747582665,1.0503544193998278,0.24622541007401372
-0.013273999933481662,0.034912748613471975,1.0319796083449482,0.29912440692843034
0.015821774645672713,0.03477154537552997,1.0344845009385004,0.27105066360830643
-0.033576706573403614,0.03811024324790904,1.0034918925002851,0.20222923266346501
0.008069702487209226,0.035800664075361775,0.9905135849446067,0.3255250535875281
-0.05063754135170139,0.03627205811783101,0.9975844091837003,0.28193678331914973
-0.007480777365048008,0.03667954991605024,0.9987691667611783,0.37980985169040904
-0.01842623740523257,0.03613322214707152,1.0606304194214042,0.27131037166521516
-0.05453415161062762,0.0364522266785733,1.0427249484301673,0.26784441991251634
0.002716740227753256,0.03792500023530504,0.9633037967087921,0.2742370133614794
0.005794454090290222,0.03521087149362974,1.028164870403349,0.38601939905650523
0.04682509635102192,0.03643238586031023,1.0016058523928961,0.31752465794097434
0.023175251143045562,0.03687499720373454,1.0162369525499035,0.3357763262227853
-0.01851873039635817,0.036040490988874976,1.0176081112082696,0.3375190633318812
-0.028320487820489064,0.03494999586208519,1.058645324183349,0.2573225796200308
0.03833592414215665,0.03429246876244583,1.0124632776587494,0.37606736381139155
-0.04158350125017844,0.0379697826350144,0.9907461995457704,0.34671904549836263
0.03092227665214424,0.0363106050789234,1.0841828784451435,0.35847396090679945
-0.08161887044889891,0.03522233398593776,1.0646703781959683,0.3470753680901238
0.005274892235818766,0.036202799662000074,1.006095943566153,0.321081985623736
0.02001963034134666,0.035771137521794685,1.0462367865721902,0.34543291671076654
0.01573580409182324,0.035884941565463874,1.021332141658871,0.28021081752021126
-0.017745394632187775,0.03602180706825153,1.0744430470621407,0.3790862748581348
0.03569769087133786,0.03515571837473847,1.0447321558524547,0.40779431792781323
-0.042635840844635384,0.03662515030693929,1.0959767141047296,0.3376060557336455
-0.03723291382640124,0.03620559229861097,1.0633961388386843,0.23881681346295625
-0.01579631586518339,0.03665971148141094,0.992345252847079,0.3089370735649261
-0.010252946804310938,0.03573523498654945,1.0337181128835402,0.36510268748427216
0.077999319891376,0.03489203076787458,1.0474335093075908,0.29646315128261663
0.031733640069048503,0.03620123938733376,1.0318075907372892,0.1865156754915956
-0.007786677420246366,0.0373854002360183,1.0004257159795242,0.43302916471374675
-0.008052542704940855,0.03538016181184687,1.0474581384619113,0.23084422339618987
0.07455852067845768,0.035280623438878354,1.0764610513987174,0.37908719164433063
0.024048785466805347,0.036548466002406924,1.0514375931556563,0.3818695693390493
0.013484698448523853,0.035103119814032135,0.9381615619619159,0.31218882038956436
-0.009065830149023417,0.0352296775427235,1.0557941087577152,0.3058066420306347
-0.040828773090212024,0.037211916353987226,1.002394721401524,0.4493511222936002
0.03516586609794244,0.034765016260202064,1.013642740440684,0.35748725817096383
-0.0438254369112093,0.035736033800919255,0.977974338279689,0.35102206320467516
-0.01156153454967998,0.03475552438519363,0.9662194504345842,0.23700654167625368
-0.03744654220928744,0.0343797683785071,0.9563810791371941,0.2975875987926795
-0.04673240502735683,0.03583660565253991,0.9944158234626099,0.35647052493899434
0.01413120502375101,0.036292119073051944,1.0395871177504923,0.3616109586511455
0.018917846899082418,0.03516946767338145,1.0751009006817698,0.29884087150652316
0.008270542754909776,0.035814806263641544,1.0219880457166326,0.24274972506049933
-0.051012836690756146,0.03627095599806708,1.0364944938726963,0.27399986727749115
0.020302498345957327,0.036091432269216385,1.0148982668286317,0.23400119692099405
-0.07259052875020136,0.03473670625346469,0.9992052678597391,0.2803442673137607
-0.008411709414887674,0.03507133198847533,1.0194992991901854,0.329584049183733
-0.04500391027078969,0.03615184146041236,1.033850216860276,0.3716804195360356
-0.0003409524369524945,0.035207091996039816,1.0504042202274957,0.3079272730325452
-0.00016275919730136348,0.035520205889808906,1.045296503752297,0.31387976774985205
0.020653824494163118,0.03634061981486566,1.068302413182845,0.3918475125465544
0.02846179543714609,0.03547948391575753,0.9854101587760745,0.23587041165559172
0.014019330668993194,0.03583307617826961,1.0172902340338972,0.18397963173340745
-0.0658797472883086,0.03647494684203935,0.9873645842269937,0.2829678060529507
-0.04218814055485355,0.03439442483290599,1.0364936063351124,0.3248921418434577
0.035245158311871375,0.03584739716759329,1.0109745935756465,0.378767680208472
-0.020214592189879567,0.03648297712728901,0.985696941744619,0.27344016955195666
-0.011862351067662584,0.036196232351487674,1.0373175930608518,0.3494737539694647
-0.09266553694245405,0.03568438106324747,1.0382604242883804,0.29235691946418874
-0.02831174675533288,0.03568157685402845,1.0427715294089062,0.32969635041865686
-0.07282414351901088,0.035866566517463006,0.9916589161263916,0.3025613072294401
-0.016192178375340958,0.03478581966294932,1.0517447994716722,0.2953285376768761
-0.044238539170368046,0.03631727536337169,1.056656447120399,0.2941855613642077
-0.0305447652262304,0.03757967403361523,1.0017333781194715,0.22637264971573576
0.03595243514158126,0.03497744914934446,0.9673293196910397,0.29749568265691356
0.039265541271689484,0.036134298496387295,1.022004801191504,0.2791356339199162
-0.047517810405452464,0.033751495182915286,1.0171559815575286,0.3362653033372967
-0.029672080945825848,0.03516112784073395,0.9943665005568771,0.34423893345811424
0.002887927237411858,0.03522576364823764,1.08083824707686,0.3538651526731039
-0.05902233459820467,0.036984166999876125,1.0199466566796125,0.34165045127243227
-0.05229117969747307,0.03499529822904279,1.0261022019282031,0.3233600984225925
-0.0724913833943782,0.03688285111968564,1.041070483725437,0.34400648920481064
-0.009191640712499172,0.03482663471396427,1.0435562535892988,0.2538741295805505
0.002684068948223987,0.036748295654659244,1.0093488830574302,0.3445317898582222
0.020416988816724792,0.03599149318141396,1.0291890050834063,0.2623259092100266
-0.05692327694594981,0.03634412524282416,1.0194137383533741,0.3590794837714965
0.018477403000122152,0.03363798929430621,1.004182267548917,0.3523866632613313
-0.0667243522481436,0.03570056597900578,0.9802495520139524,0.4906998605244654
-0.013313720973421693,0.03691993155010415,0.9980327156846632,0.3015319008573932
-0.012082052392434373,0.03549655558158342,1.0179168099859823,0.35887560507540095
-0.050991709950149525,0.03387257572794665,0.9944560042452201,0.35680298411312616
0.008342785671096257,0.03534144767714909,1.025797772758719,0.4282905339737369
0.04284359995737748,0.035265772418581275,1.0026727557623831,0.3223958987138293
0.06140055187312041,0.034886464637605655,1.0262248471362894,0.3633433840985444
-0.020670013637050448,0.03642424368864651,1.0481348089825973,0.35032993731511247
0.029189072136022516,0.03562748124112101,1.0393673479596626,0.2984305416302573
-0.08392016532014442,0.037808524528565535,1.052548843141327,0.31415846312507506
-0.0005827711760371964,0.03575119710162889,1.0425026158531017,0.3661261221678558
0.00489024287175205,0.034995911607219786,1.055514051960669,0.36782574621113817
0.027023478005664806,0.03566967609341088,0.9817920476177029,0.31800310516897007
0.07168454487185173,0.03593288336168897,1.0260130342212834,0.3880369768855413
-0.05900527934696461,0.03569268935329196,1.063677590292919,0.3401922568788883
-0.06428712321655622,0.03607374833149597,1.0262936206637958,0.35210921942325035
-0.011910295707078519,0.03546231317148032,1.0667459274318698,0.2577483933127377
-0.03337965612413999,0.03684366136449683,1.0132949862735698,0.2747310178746859
-0.01276707039867083,0.035478533882871664,1.0494706139731012,0.3882219046627258
0.04346839110895061,0.036909946362063184,1.030163335056978,0.3703366354877229
0.028119888599792916,0.03701648291801293,0.9742455417594156,0.2548583253272064
0.04811404024975148,0.036731526867580466,1.0538852333618354,0.4200846018130082
-0.022836162091580424,0.03762628858844349,1.03895135574445,0.3060974726021389
-0.03739304095235109,0.03604922924390146,1.0337080777127676,0.3803822829795491
0.015505371591455173,0.03555192648088342,1.0439461811896995,0.3911675175817233
-0.04212275215551669,0.036217487653810596,1.052692139875327,0.31539175435720773
0.007059753025998585,0.03648111374277642,1.0455617608085654,0.24858677716190097
0.020276008796452964,0.03387351291981721,1.0561404841161712,0.312167422026846
-0.035397848577388105,0.03574341377010987,1.0103876050517817,0.3208173941257629
-0.06587046608460517,0.0354172207973724,1.0212712226497154,0.2604756327032682
0.043767172481891166,0.03557062800782143,0.9591258756952595,0.3895839487346311
0.014466216721332126,0.03420190108729371,1.0363265511625952,0.433664969702967
-0.02614473627335662,0.033476339698159406,1.0050768829396644,0.24265468477565436
-0.03314341015122805,0.03473726879505906,1.022011412838319,0.29221798455769454
0.010567213581835629,0.0360282066243919,1.031388302697522,0.3247328874674522
0.03807748525294339,0.036025027840162725,1.0597928526559943,0.35859612999361373
0.009648931066104633,0.03408418178108709,1.0351184450213358,0.3692681530672078
-0.0372128735999969,0.03683152950968943,1.0569130116247831,0.22145136123824405
-0.05327840299134608,0.034787325804327356,1.0309368509374504,0.348320275140207
0.05370111409660427,0.035546652431981386,1.0421683086717815,0.3144203753770366
0.04146731782961268,0.033816538460993285,1.0445648149700082,0.3171939404163839
-0.0322759902653046,0.036619303279053314,1.0230227988893803,0.4535764773670746
-0.0003050171709023691,0.03505400535322046,1.0311530916520217,0.3300547021230597
0.022358587633320267,0.03570932959121714,1.0550963533679167,0.34420704902872673
-0.019297258313658375,0.03582310041684864,1.014479984715434,0.3762991784173995
-0.006504695916927953,0.03513368248354096,1.0257230201898586,0.274011927768384
0.011651648521633718,0.03791103576452948,1.0015671900315237,0.22817872906016046
0.0538520108124301,0.03724319848570457,1.02850899834873,0.23706771280383016
-0.069213433399481,0.036618108927904396,1.0563135360814395,0.2970560398420269
0.05300154386769728,0.03590566213104429,1.0526323533866606,0.3940201961091531
-0.04821970927985929,0.03578651052085769,1.0107565069911622,0.2333219798973651
-0.03991922526201559,0.035735572374283035,1.0234633213633635,0.2639009093957103
-0.04051059330430843,0.03653385528425223,1.0305317830625755,0.4279824613597724
0.022671038265321682,0.034787607289807745,1.0158891938047625,0.3737578908005592
-0.03821410521778401,0.03706267163101951,1.0426271357573764,0.2323078867100332
-0.043987720955076214,0.03411559106863155,1.0129709570800245,0.2922122133906481
-0.03359411744525578,0.036050646472238185,1.0625324017873887,0.38227240811048147
-0.0328026727102157,0.03549503378746982,1.0468360189442043,0.27629558138074567
0.042521488666138654,0.036133708177399616,1.0235265069446815,0.345640025684551
0.08882769998366623,0.034426741771256326,0.9972715130021513,0.3451425326669414
-0.013000278812796725,0.03459874095896952,1.043738540412775,0.2936172143860278
-0.012232639120003264,0.034841825266643596,1.036163028683286,0.35223613548185845
0.02754449359629166,0.03502247899042526,1.0301218415925029,0.3690367040643903
-0.04291446337323598,0.03571160642097764,1.028580138223518,0.43151703154660326
-0.006033407568379347,0.03589333290608767,1.0643069713332862,0.3101847896013797
-0.0008265111977747708,0.03656195989796772,1.0181166932935197,0.3795298457767035
-0.02606953473864198,0.03497398565603353,1.0437570448392939,0.3393140768316082
0.056695962524543446,0.0368816487113664,1.0346194938719877,0.4378664754277284
0.022838471399871278,0.034158827117455416,1.0420179864364694,0.3088147681153547
-0.01897608154980163,0.033849876467714785,1.0308060657207094,0.29595191587315317
0.021942806632415872,0.0353608677871469,1.0119076136473328,0.25102635187495453
0.03728847862421488,0.03563224402339794,0.9976466732076694,0.38245337469583496
-0.010252317824836236,0.03568839279872001,0.9902537260629439,0.28330098783145796
-0.004611763907779073,0.03715026744384109,1.013244459924148,0.2599595325540124
-0.0014461717109841067,0.03660902570895465,1.041809701979339,0.3330777701173751
0.022254104263466256,0.03618753979333617,1.0519413697310542,0.38877410715892946
-0.032694246485386665,0.036834135011059116,1.0017312318267613,0.4467916739733446
-0.012800285232048994,0.035519907871174275,1.0407409365835376,0.34050499656711797
0.05971429864864527,0.03656461445514568,1.049359117513146,0.3576402348092495
0.028935774368055854,0.03488817116871639,0.9987214927940633,0.39623404378779525
-0.023817848657385454,0.03534608598530577,0.9911026104110223,0.260250196193782
-0.03680715393647997,0.03518471975772177,1.001373620483864,0.20182041197668493
-0.09310436985866193,0.03519928337535852,1.0449732153801181,0.3231509599684405
-0.013608472576275614,0.03407627850230417,1.027698499746387,0.34866682435922086
0.03159295322153371,0.03627952648237227,0.990519504663366,0.2748085824679621
-0.024142215931958994,0.03482302265109507,1.0422826332996322,0.29639054701045553
-0.05468326162211719,0.03466941234167429,1.0100464392074624,0.32250003107097314
0.007182252755003388,0.035488422071821686,1.0571321346192994,0.3108825351371209
0.036367369001841,0.03535469745864491,0.9882097555313585,0.28664471588492446
0.007255678638832116,0.035547086706797675,1.0262247298258287,0.22806762873472733
-0.010122633953399813,0.035426143115319275,1.0060541935487426,0.35977777654764637
0.03962849194412745,0.03504617398399589,1.0112302594136842,0.42127504489887696
-0.060176048693478736,0.03594474576964523,1.0003017455643146,0.3305122740366517
0.009112230023654844,0.03515953902476225,0.9867306419671894,0.3852325944302234
-0.013442682646555437,0.03528183112243661,1.0383507865119161,0.32061841027610993
0.02891970162861928,0.03609319000966178,0.9763348619292144,0.3352801620153605
0.04084225495917523,0.03535676773242633,1.080279213526174,0.2921378304013721
0.000995307998196985,0.035700829450624166,1.0294805858258471,0.3309540014759514
0.07828472845996585,0.03567157639289069,0.9748279173595935,0.3269388208958916
0.03686474281785734,0.03547937931758747,1.037113972216108,0.36957744941829
0.008233786343343012,0.034449718803154984,0.9797993174798393,0.2947379720707408
0.03153708040729798,0.03694429624719671,1.0288075252898805,0.21431982854964607
0.03141568475998503,0.035415393739511976,1.0205548834938762,0.29527996168402726
-0.03696602527103353,0.03580996557511643,1.0127560187992148,0.34829583867184893
-0.0035710703190538306,0.03497272403716558,1.0342609344374414,0.2951343844906687
0.03920701173376791,0.03655904045172989,1.016982068054871,0.32811478928781723
0.06136481688444476,0.03540550990711668,1.0179725894959923,0.3565241108005339
-0.036639343674868464,0.035919785703773695,1.0159145876004154,0.31205134578385035
0.04415455835035104,0.035716320522703605,0.9777076085075396,0.3001143488991521
-0.03564579196661907,0.03722901902326919,0.9687485151365939,0.2174518077109791
0.07895033670001969,0.03471735618519843,1.0766823897510855,0.30249626252102557
-0.04834790864800397,0.03713046063149801,1.0313265956222992,0.30267069466141366
-0.013721521038334033,0.034753458720625914,1.1013491181908148,0.3545187153170866
5.240469546117787e-05,0.03490852140755076,0.9528504952829563,0.33846335048321835
-0.03467794245883191,0.036123366503736876,0.9951932587067793,0.27920225308097235
0.02303587402220543,0.03812545904862193,1.045344592124898,0.20105071629851212
0.043926973939698605,0.03505296431596491,1.0374472111829374,0.2909841622877251
-8.60552677578591e-05,0.035096570093746796,1.0273036366981874,0.2290754165071011
0.0743272321645714,0.036309810252850835,1.029577538595483,0.27025071345284996
-0.020314689215668442,0.03367802332783793,1.0080412417720375,0.2526435946589184
-0.028922496936458715,0.03593474770256139,1.0069650893211781,0.4217516655899227
0.047695845189915986,0.03495866244383271,1.0021869245391464,0.3824247283824267
-0.03516467892139994,0.034685877271461565,1.0053229985354732,0.27232515042503525
0.0344560022955489,0.03756190536053029,1.0719159423549616,0.36852168348442804
0.014738337730200168,0.03765645110094224,1.0467715034600857,0.39053298309775186
0.010339456743220187,0.034507250684652956,1.0502223881157502,0.2623335450583795
-0.018382070045984102,0.035459332251390245,1.0014354320487875,0.35526982878503605
-0.013792070073707067,0.03569677259678289,1.0655097677530705,0.2646749488064024
0.03762456778230983,0.03657894751073921,1.055970345006289,0.4011389250524457
-0.018743456770004167,0.034534322658422975,1.0296858587488018,0.33512573820420505
0.0305329769801605,0.0353105604366598,1.0309622726969394,0.26119303562138657
0.025315402460756083,0.036467867094308826,1.051989162925727,0.28967871464868505
-0.018309886368746177,0.03701026558442798,0.9951417274597073,0.4117463331379844
0.004460721392315968,0.034815531038883255,1.0885187297855197,0.27238511315778635
0.008712312617272002,0.03676063619156598,1.0416976700777654,0.22331208416177206
-0.052387682216883856,0.03480410694948434,1.0483215820751481,0.2619849458748142
-0.055345403780091056,0.03535137137185322,1.0102161254655353,0.2856494246781125
0.09235612632412277,0.036534772144366644,1.012859085802789,0.4077040112655189
0.06478690337636925,0.03479056238740663,1.037638424853563,0.33798796051081353
-0.002219042233499796,0.035759855384172784,1.0270234841942703,0.31117332595108127
-0.031617301605279625,0.03620366511905091,1.0213237477786334,0.3131066942490454
-0.04472096132501231,0.03459189839547237,1.00483719226368,0.2198442597705342
0.0003918693067785084,0.03480651730812358,0.9946603300524949,0.4016610073387158
-0.10285193901445032,0.037433989682423445,1.0132497992150342,0.33965504270971436
0.033073932295944325,0.035217074384664426,1.014690634360295,0.361829057029236
0.005655288694800412,0.036807166453046755,0.9980807278474758,0.3236852575413441
0.05372846061000736,0.03732266187034051,1.0028820895453896,0.2580616009806689
-0.016678491815106708,0.037362529097201225,1.0490273872688223,0.3447202393756034
0.009087347465087879,0.03404969734357402,1.0532607211652385,0.3162161055072022
-0.03593672738928387,0.03494212332768904,1.0220739136308366,0.35391303163694504
0.007625694394822971,0.03750881228455897,1.0141757492737664,0.28391518757047657
0.05410171600945827,0.037720521046974605,1.0386916086194369,0.2171773211045752
0.07303115108213751,0.03645042365796382,1.0669633981754276,0.35147446304800534
-0.06317117319690455,0.034046860994390096,0.9860393218440575,0.27391865684033007
0.019482757352903078,0.03558712803033863,1.0742181603152228,0.4107682282138582
0.03400376832009063,0.03536014394007826,1.0481745682523,0.20662033469649316
-0.012515731584999235,0.0361087444975046,1.057501376761727,0.3448791720881339
-0.06698126393735322,0.035124307177874375,1.0479313488113071,0.2968344052460822
0.054282903756012885,0.03651763290515687,1.0010424513393017,0.3711144253291785
-0.01583661052550964,0.03518592792777366,1.0430167427859827,0.2652962674380825
-0.009930182814393628,0.034779743790817455,1.0162001022294411,0.3441532212008997
-0.04147388772170726,0.03438352929700441,1.0179337818941498,0.3434779721994053
0.02073319909589918,0.03426570873120889,1.0013587827353079,0.42589190241792185
0.07224409195397132,0.035502103057935046,1.0310354060464786,0.39713264114795194
0.03195269369995465,0.03567516512383906,0.9898258449348317,0.37724000256422097
-0.018785899552346424,0.03444129313029189,0.9992543096907787,0.2931449195129398
-0.013227668002010803,0.03513082391747258,1.08088357968626,0.2653224983354477
-0.03240056567556988,0.03410799550571104,1.0535095339681821,0.28864404970476737
-0.01705068258570835,0.03542356124865047,1.031419994479125,0.2964044443906812
-0.017921987793995252,0.03493757737124063,1.0916589753758525,0.3406975534206133
0.00616696320314413,0.035083604977493126,1.0376072232323341,0.3480636816471195
-0.017553420205924142,0.03600002105269505,1.0632978050562647,0.3699649022883588
0.03225700863651601,0.035317765805696816,1.0206589279632046,0.27294735641741563
-0.008423748809820516,0.03398842715365301,1.0196493045589712,0.29841116465417683
-0.022819666591348684,0.03596684555232465,1.016381551612701,0.4255824150823277
0.0590357703129525,0.03708485431915948,1.0456314120537176,0.25576726098745783
0.04932615774216656,0.0349619000509628,1.0335719080155505,0.32162390656593276
-0.016208672427792236,0.03362369500543118,0.9606882458300877,0.37521892807339063
-0.010831119072457714,0.036799227937910226,1.0232307600213757,0.2192108174928186
0.04535060778028607,0.03519933889670456,1.020658163391358,0.38049398570416837
0.0887043521258363,0.03584283145280806,1.0446775956291903,0.3607004191040749
-0.057382894873553365,0.03538502918361421,1.0994257014511437,0.28495120551895176
0.0015716625271685334,0.03508429972805449,0.9670062155318847,0.26468389082264104
0.04348882535388759,0.03656262151290308,1.020274644205407,0.29551228780590677
0.04918016455659185,0.036739073626110806,1.0703654214240241,0.23406143644333294
0.0030221653073555952,0.03539950606426107,1.0354073769183414,0.3661710502055173
-0.045567330199702924,0.035945630030547966,1.0471883873136514,0.29958894136218295
0.017640516289869335,0.038623081605102805,0.9804913593001428,0.33251796784007803
0.009402207587056672,0.03623350936303304,1.0712944271637879,0.29209273674762043
-0.005510580671860206,0.03613939735721754,0.9731185226972102,0.340617674907624
-0.08621731565821576,0.03628152418580862,1.0435350841433377,0.2600745492982255
0.051693701963178317,0.03627038625730641,1.0226109385776294,0.32201106857947415
-0.03296496192628884,0.0358021537384012,0.9978997888654946,0.34195314478624494
-0.03762930133828873,0.03729130631468512,0.9506582803676955,0.2657029179716543
0.02942086988668469,0.03712386435456278,1.0108734704217304,0.3081688164148808
0.031152424869413154,0.035267464731693135,1.0196762347776773,0.25210876196512094
-0.003597602618408676,0.03492968266241824,1.0207209127114425,0.3227561640406058
-0.040337006660562134,0.036325094216133565,1.0174823245867295,0.35565569654757545
0.017784633095820176,0.03712296494822641,0.9725486726122795,0.3774084609204661
-0.004301012601355803,0.035274883324849335,0.9885527301530159,0.34742336911059457
-0.031417650374996116,0.035015049221905285,0.987566583691906,0.3234929612417866
-0.037264303554086955,0.036186286665674944,1.0735464465329592,0.27898613506063535
0.003987512330335333,0.03620386861664194,1.0193347118874658,0.24530599218349208
0.0037560684033655202,0.03586850285173048,1.1116563261196128,0.37267822379169563
-0.003281500115564029,0.034474737804086816,0.9969882800080145,0.41877461553246637
0.006960389523571881,0.03621936007457302,1.0085622972589579,0.226650511023586
0.013966903063154217,0.03674565474217667,1.078936879023409,0.3865315870979657
-0.04219759890245487,0.03554636288752838,1.0101682635777975,0.2671928492370159
0.02912049503342928,0.03542019784718501,1.0202397811689583,0.3651190149912409
0.024804449437977598,0.03518456710401335,1.0016322639130808,0.32916071189264734
0.03890623733004443,0.03404556096484622,1.028578374085284,0.28995821032010416
0.03363793260770621,0.03518838842959153,0.9768302811548489,0.34251286948532966
-0.023092649107661917,0.03645604395531048,1.0575300293806253,0.28011079094470814
-0.01533876284684497,0.03568226435484456,1.014286690033038,0.36838043541796195
-0.013615338760453568,0.03454481881314916,1.0054186457975973,0.3110573808919594
0.02556008593319104,0.03658645681610592,1.0251888857721354,0.3439041917837052
0.024599923243166018,0.03600740256401404,1.031190223440333,0.32799603533830896
0.05024116169501364,0.0354565838103359,1.001355175185706,0.346881992030644
0.0024287213060804336,0.03582802188016768,1.0036071898394718,0.42330630162272853
0.01674578614399794,0.035699684672521804,1.0278634909413151,0.2905029324369745
0.03456449718471025,0.03487532522809499,1.009048185237295,0.32641134619948364
0.014577461729902524,0.03538997205669514,1.0748770347475005,0.2575489029774192
0.015441039833442109,0.03544340932053324,1.0857882822274836,0.3141503375416082
0.05805539827008287,0.03450549287484621,1.0270352978870292,0.261913582039518
0.017867443806609293,0.03633905192422755,1.0049782361223945,0.33190103726793696
0.026359830405950687,0.03377074616179202,0.9477871307953961,0.26535254070883946
-0.0539397298717993,0.03444496037921777,1.021475170651462,0.3321600611820593
-0.09566818545358145,0.03608592501065448,1.0587572078973773,0.3937096455949377
-0.05510656562411738,0.03466470402765828,1.0096855412611407,0.3481857896404872
0.04092848510152036,0.035482238392086744,0.9981463841252186,0.2384241867595967
-0.029218434742597332,0.03719864050244158,0.9725127385042717,0.368590360657109
-0.03811472788002444,0.034845166160173226,1.011471935977323,0.34787157555743725
0.05330067051676203,0.036169530084537854,1.0299725606082615,0.34416019910611
0.012518706552745515,0.036630121381093894,0.9989851110875658,0.3893323199619054
0.03415732371828002,0.03586320770696985,1.0820416671463322,0.29942396325542303
-0.024624114555965426,0.037024822478210345,1.0453060760398116,0.23915440599280083
0.01961846115033096,0.03539001387949483,1.0443954426409876,0.3670415939268511
0.011735577384119995,0.03564655695370863,1.0536228199308102,0.3070078499533971
0.04469577130676266,0.03615743371045554,1.0241319404196816,0.42170868506799014
0.003714632323045754,0.03650506009582898,1.0744949842273808,0.2557604910085289
-0.018484963816216136,0.03462495215131841,1.0224723852473276,0.28065302882477566
-0.014557394735780604,0.03576099371280688,0.9589490374342547,0.261905839201925
-0.002325425175964983,0.036452066085772304,0.9864042261110467,0.3901500692648083
0.04847499332509946,0.03672175356697198,1.0459389210064491,0.26535613763644617
-0.020940972084896155,0.03532200490122844,1.030503261337913,0.45532546063662643
0.04418200857752808,0.03600126069314313,0.9904702847071403,0.2876013930781623
0.016370229640152962,0.03810792163292048,1.030561483806841,0.3922872932128831
-0.04076947256863756,0.03716697503952994,1.01048359784509,0.26655729465885714
-0.00295198056243721,0.03495512168968749,1.0555516920764998,0.311288878774044
-0.0482938724051967,0.03426908507726186,1.0242068497856984,0.3600225982261444
-0.009595283455060163,0.03572827479236755,0.984420390219762,0.2567189285492261
0.03720594390468128,0.036319743336819636,1.0180024502980192,0.4030117704947116
-0.0010601765935510932,0.03566178434711335,1.012945662262723,0.3291042850273397
-0.06695702249991706,0.03409145006332148,0.9668064739956096,0.3651414298392268
-0.014789531469480949,0.0366675687031361,0.9989721822685984,0.2740548962548987
-0.06138293616049452,0.036996803703325504,1.085979445987445,0.3405938631041001
0.01514969334714883,0.036496144066604154,1.1075806738138074,0.30777693109118015
-0.02308036057136281,0.03467871678978575,1.0727841450193336,0.4249790592388744
-0.040705447721699865,0.03571541108841856,1.032198527416299,0.33504386612440207
-0.03816131527243952,0.03571724379791685,1.0616518634639307,0.3272404852081797
0.029323273978335056,0.03578521345843388,1.089369047705052,0.33191263791002457
-0.04855784694313324,0.03501478857963812,1.0204492119278594,0.18394428970278404
-0.046337205777692625,0.03737773268112316,1.0157880584218086,0.4617858246158807
0.002895572797892839,0.037808201785375015,1.0810017503038356,0.2518998800627578
0.01644588535545653,0.034664690285601554,1.0353213040105322,0.35669544396742553
0.03286941502665493,0.03437773106922934,1.0395166931432298,0.33565033069279065
0.01761156367487724,0.035793788913569984,1.0824613827408855,0.33208558716963177
0.06304809081890568,0.03660905465627502,1.0053557974348488,0.27288543769700246
0.013401628585326472,0.034890016523358575,1.0755000465908475,0.3551997222720145
0.015029599159768424,0.034695220046666135,1.062301814716136,0.30971471273236867
-0.0034704398377971447,0.034913453234676484,1.008692865413182,0.34243581771567344
-0.0103376658974407,0.03348621828584655,0.9597513647209178,0.208495744216397
-0.036443339037807894,0.0360915846888917,1.012244885472246,0.2812751251031623
-0.0404023091401852,0.036808860629267644,1.028686223361312,0.3074289958075255
-0.019115971582670845,0.03500885285667134,1.0145707288367998,0.2792150916082023
-0.036746953531624126,0.03578694031083866,1.001717950942417,0.36203857042328524
0.02351788150852946,0.036424485441161385,1.0635331238109311,0.28249420136916975
-0.06288655674080286,0.035958278594878164,1.0047403763129739,0.29361705591778664
-0.007173200441351835,0.03619087342556671,1.0018429183710023,0.3369249646560927
-7.483440149538464e-05,0.036575744711306826,1.0446581276961981,0.3415569984050121
0.03986809518992831,0.03548794843124132,1.0365527583525123,0.3179464590441709
-0.08349796257237699,0.03687800782678625,1.0348058570169323,0.39659045479358496
0.0597356836713002,0.03577227533187986,1.0558641701655402,0.4146005196860808
-0.027002674237408923,0.03318315884460129,1.0389921334521037,0.3040160383304442
0.07283680837594848,0.03686850128976411,1.0856546843989856,0.40561001808186525
-0.06363901803554296,0.03526352362056849,1.0542301285317528,0.41255972727913515
0.0328950091582475,0.03522308795571866,1.0069791482581032,0.35186897976247483
0.044620397708550315,0.03533851388854061,1.0892778131184517,0.31575226036245146
0.03188985800395638,0.03609212649300735,1.0394203351229387,0.2280993623955013
-0.08649739057137742,0.035832301748858625,1.07425607849896,0.20788373865642346
0.021029183191538174,0.03436236841050478,0.9768201181001497,0.3568992018803216
-0.027762724906598642,0.034047071853623746,1.0751704406216467,0.3091084226823332
-0.028012937060512312,0.03499505391252455,1.0564684755403693,0.32635542179913735
0.0018909496698898446,0.0353687084777493,1.0992919484099886,0.4044285551112248
-0.007477344688809614,0.0354470943723774,1.0071271925004837,0.42734122519554035
0.018626744511325937,0.03638912201180111,1.0543748502520995,0.2532739972620885
-0.03653996355169679,0.03534710881248115,1.050355348405495,0.36035125011933566
-0.023017306625268352,0.03540106989588007,1.0243939468570538,0.30752812968636334
-0.008968359675858314,0.037291255833349676,1.0420997301861346,0.31836086298041033
0.03341463622956762,0.03589714609128753,0.9964269073655977,0.27809339077397666
-0.021860532716926614,0.0356442997361976,1.0373092568410258,0.2783233689291511
0.004603437333193021,0.03610219275206989,0.9884467544685572,0.3598765907659032
-0.014919844146784133,0.03538158013187879,1.0189724610871949,0.2647746582477812
0.01807286738915753,0.03623144846368355,1.0196080317880818,0.3777229411270776
-0.010015337296997374,0.03660472333095709,1.007010925714065,0.22097929034650904
0.010490953107811944,0.03536077463095151,1.0422718338532082,0.23362511352347118
-0.014343315628757243,0.03447546403914227,1.0151517500844234,0.3750689458377922
-0.0003302673588724714,0.03558260564841477,1.0187060641845163,0.2641244641048275
-0.020843854529115118,0.03565615069676915,0.9774006493298,0.2402048673579891
-0.0035750253301879828,0.0356063159512702,1.021914772320534,0.4080553198606567
0.0004304899523237223,0.035335474235855785,1.0396280660685455,0.3376097968338677
0.010503316579014677,0.03561483619321199,1.0014133441913677,0.29279831005517004
0.027556069143137015,0.03563610186142392,1.0367630131199803,0.2991147005592177
0.06245736759969014,0.03710143857809325,1.0310719883149453,0.3692382981300064
-0.05617561321618978,0.03504887445003803,0.9855194817082956,0.35546949280421763
-0.01216555106552543,0.03544161739944721,1.0179958558484017,0.294254402390045
0.023919723310632596,0.03544210525861672,1.0670984546465305,0.27936424874196913
0.003225997626669618,0.03508502989787128,1.0339805672231073,0.2881303142058522
0.01341279597868375,0.036219636917764475,1.0509992662737047,0.23572339570013823
-0.05808973341106265,0.035811437766524505,0.996051601542717,0.35620064709657134
-0.010872981445466088,0.03753907775750076,1.0161496569973774,0.23213510980103755
-0.026837222367975245,0.03608617151309356,1.0407247230484933,0.39400610912354167
-0.005453321159058991,0.036051721692352705,1.0836347298652282,0.18363742803859856
-0.01760895368250778,0.036981753561241365,1.0321650616988667,0.43433409666280487
-0.03311649240828645,0.03485416033832101,1.0313528804603003,0.2603919925500634
-0.043638764861868316,0.03548594933873682,1.0386447096844103,0.26839206640363333
-0.045286838788496965,0.03564308848970741,1.0183565090362854,0.3690496166329052
-0.03012187702088235,0.03545449292728087,1.0236633089377938,0.19873337045570838
0.007442947244327249,0.03574774191258981,1.0714255147319813,0.3641571036397963
-0.019483780468026853,0.03598187603523431,1.0127190255313099,0.29986534397599973
0.0662508450739256,0.03479639941403088,1.0300932180215114,0.25804013544628746
0.019023652920711568,0.037510567946636535,1.0020052310138867,0.1958212125127021
0.0018527419107564834,0.03506523306687524,1.0443561421380234,0.3790260785977972
-0.00782419495740108,0.035263091147005106,1.060346106224781,0.24445434445750913
-0.00366279313727517,0.03505539016179373,1.0325489798962677,0.3847250225605838
0.018399942028064328,0.035625152386401494,1.0467105065634568,0.3404959072341115
0.020573376430198128,0.03403665110107211,1.026280179967617,0.26329727650821494
-0.06159228981107288,0.03589481716068408,1.022222535056472,0.2832275214758764
0.015018941603192542,0.03701015486621083,1.038770900161546,0.19440525825169022
0.06677684425333798,0.03584313727742642,1.0261644012448847,0.31897954521869065
-0.06782041902683139,0.0360233093297562,1.0321804064715676,0.4186406523037691
0.024656182376832328,0.03500676515851316,0.9846058880730321,0.3100726291567998
-0.01951592052592983,0.035953697873780006,1.0340472486504397,0.35878308760390065
0.009428674704975966,0.03454082943367458,1.006257524887517,0.30643326923647785
0.02678299671228925,0.035390815339200146,1.0222784099883668,0.24470169101213862
-0.01587705091465814,0.03569069924684625,1.075009659540897,0.25939759919765737
-0.04740105614516739,0.036130413358925244,1.0902846403499304,0.2648249008261414
-0.06644050449589568,0.034767670777555736,1.0043538588330567,0.38934667823021235
-0.024140087318180473,0.0352373987769531,1.0540775916162575,0.21828697023856186
0.013274133381012791,0.03644297112462659,1.0302806921995042,0.34954324160681244
-0.037437650941341896,0.03643254238935835,1.060172604577729,0.3496580060844389
0.01761090021605173,0.03557273086384726,1.0878314620853773,0.3581935087459046
0.006361851965834936,0.03543316692264325,0.9725777405993455,0.4038833187067618
0.010642923494868521,0.03677197420525301,0.983516144868193,0.21116157617109524
-0.039666905148192697,0.03553300705197971,1.0110079279207826,0.40740892480413404
0.020232012531132722,0.03518714562262157,1.0670724695556677,0.25644782002428024
-0.03514233747510749,0.03573218339558095,1.0165160325573792,0.30176016893660873
0.03072214050262161,0.03614875214106418,1.0026435802091493,0.40476399583316114
-0.07397498621564155,0.03622725764985105,1.0092979598162066,0.40835770585740194
0.0034604701273722098,0.036092406369435164,1.0512921037587892,0.3168240033059511
-0.029650097258135437,0.03672074973165668,1.0015835552678711,0.2844404008732023
0.02569901512430574,0.03669007802046404,1.0398746588715742,0.35254632477388004
0.006260093236947961,0.03517416236694613,1.0637832896544528,0.36053956905719625
-0.03955373137204429,0.03537229610782618,0.992991998203585,0.31757632853727846
-0.004708637126283697,0.036778138335026,1.007761916712057,0.34108847398007597
-0.012280658579666806,0.03787012253395246,1.0049465297822227,0.269321458965533
-0.005630875970555201,0.03756461554284298,0.9995598240685039,0.29046657527151304
-0.06062588564775483,0.03447636781062274,1.0251217931442373,0.31621344096460735
-0.0345238413671545,0.03567936146673787,1.0469052891514947,0.2988162390963021
0.00746006472051504,0.034500097048873635,1.0080849464934671,0.3290141244792331
-0.005052559271438504,0.03691415609885556,1.05322884985835,0.3267670484974921
0.09130476241117541,0.03735740404057335,1.007903775313198,0.33945459685921153
-0.14325267364607785,0.03651408578273712,1.0432789236435855,0.25250249582584033
-0.03857042691226235,0.03647497153179453,1.0776813673183718,0.34078531174760723
-0.041513860161759376,0.03488539017547947,1.0327970618125846,0.4637590964457793
0.07661968865526636,0.03566878623893869,1.0256060915866763,0.36991039514374374
-0.04987483182203,0.03486340646182733,1.0089127758241425,0.32251283111807694
0.011560076777105006,0.03661847085382259,0.9828139634398997,0.3013206199734694
-0.024966231301699244,0.036560384574814905,1.0093977571006387,0.3458450713227844
0.05374481744743342,0.03534773465403962,1.0286928075922424,0.2941570433555699
0.052195638108807854,0.036206755305062246,1.0350806556210257,0.27711612402253705
0.035210178087326786,0.035988210574007536,1.0323881334576346,0.3263359852944989
-0.030785539259143357,0.03538947158833423,1.0001263441272943,0.29203326065724833
0.0468091144028338,0.035516328465077227,1.0381233622693689,0.3136657081326843
0.02178581049952771,0.03685600110192782,1.0208360005740205,0.3935482333347507
-0.01105406028463282,0.03659213164517104,1.0664782655119236,0.30948213168354166
0.050055118278944113,0.03620748116214764,1.066142787327546,0.4327954371574342
0.03822923986559677,0.03570745765359051,1.0055116522094159,0.3941386971615793
-0.0490163107226088,0.037006875504779047,1.0404783040182342,0.19425258415855515
-0.02911662885559736,0.03488223253183292,1.0317012361906146,0.3728771930274679
0.08436385414929992,0.03586851215831114,0.9939517932952513,0.3306336443492306
-0.026840434069259223,0.03621687999605369,1.0131368746608957,0.1978733649743429
0.018575545548236108,0.03681590359548354,1.0177948902623037,0.29954847174769966
0.001312017268372756,0.03599971906470062,0.9908879336802349,0.355881311136737
-0.01860353251859674,0.03471621798884482,0.983149391307919,0.3373139252524412
0.00979871579385395,0.03450584397046181,1.0047996666786947,0.2660436553954457
-0.06831737776756969,0.0363337654564999,1.069784020165165,0.22224391493025994
-0.023064911263105805,0.03794282205042932,1.0177504685496002,0.17703832287502874
0.018437195141753387,0.03719704151217189,1.0314334200165003,0.30591619602435094
0.018855343045106727,0.03421122545407829,1.0470374293436855,0.253693507939394
0.06081307659722645,0.035848477888102255,1.0005423262275388,0.3609215708963866
0.03743382908125228,0.03546457941872202,1.0529201206883378,0.27854752932499544
-0.0014865498031485771,0.035580715608380845,1.063408508254797,0.3417596702201394
-0.026794626576392585,0.03584583698980357,1.055610036819988,0.4115092414856437
0.009543132192543997,0.03586745407240868,0.9985160120614482,0.2989666518652544
0.0016277402101322743,0.0361489681307717,1.0743692557828939,0.24580384118113946
-0.0016935779085989534,0.035083951200124155,1.0044558748888721,0.42176598962629597
0.02447636464382257,0.03587104061463887,1.0815034387952507,0.30572595902736693
-0.018309576554148072,0.035695051768574335,0.9908271279520884,0.23145651079847135
0.09930193074113852,0.034496778146512766,1.0761820349762965,0.3858448558856703
-0.020905587352525536,0.03419182474274994,1.0242015298725873,0.22339735486238313
-0.0381498958701829,0.037169387925578785,1.025685616689879,0.36393476882294307
-0.01253335497635953,0.03615038302907495,1.0370880041817745,0.3112465374722251
0.031484818804262744,0.03493897814080532,1.0447207654297337,0.28971104924772734
0.003038380716113185,0.0359331095396628,1.035534741844062,0.30068111577266066
0.02728745555609013,0.03511923850814826,1.03922406335075,0.2687690009941427
0.0026245569978335824,0.03540589505934463,1.044767297993252,0.3294924036607125
0.01478362576023767,0.03714246300642339,0.9608517784480081,0.4234768326792003
-0.009151257793329197,0.03649430467925832,1.0044774632307762,0.3844018455971535
0.01556171562348239,0.03412181224334035,1.0265165479699583,0.3547615082125004
0.026005753751144015,0.03489019517691204,1.0331842174121142,0.25516853089270203
0.10672476389038507,0.0366041448006819,1.0635530313171355,0.22791130729604694
0.058225484956933866,0.03885237986512474,1.0372498491064106,0.24074819409430112
-0.027079768651221393,0.03507815239679436,1.05391682035366,0.34313684269925065
0.03830674383500015,0.035695226736172196,1.0620907600493286,0.3377608474134553
-0.020713789600034862,0.03536413411381891,1.0520904834234877,0.39285377252408843
0.07421023589028876,0.036125560354349134,1.020716611335628,0.3792273155960664
-0.07024177609711274,0.035768935127946634,1.0740687884186564,0.2695382929451691
0.014602898552856269,0.034734980852683506,1.0247418339970693,0.304514662122562
-0.030203170973436756,0.03722715437794147,1.0318280518120468,0.28368893553567026
0.029019147025682528,0.03464257853206876,1.0008493045604867,0.33769198363091
0.07795536864920855,0.03659187510379395,1.028895860725592,0.23620600229065372
0.03603878639081959,0.034793566052890045,1.001992036116425,0.37603585516652294
-0.03588332908214906,0.03604531333398202,1.0335536325395427,0.24392933996122726
-0.010064011209568229,0.035142520053413104,0.9940276672984178,0.4044573084785514
-0.007984733891625398,0.03708459315098751,1.0418974279898463,0.24509967207529643
0.0077213811029565186,0.035980199422299464,1.009613471063459,0.22294229498585247
-0.033644821776176656,0.036164073731118934,1.0179891518525195,0.27373482787529657
-0.004189433635025497,0.03489586038390988,1.021556098535881,0.27931431044527316
0.013834594994808736,0.03559985284733808,1.0239410532982272,0.2608658069981644
-0.10967615995792054,0.03632553468178285,1.0025204439813462,0.33794514627467137
0.05371101005248827,0.03487417084278802,1.017907894700416,0.19343445523399086
-0.033545264827055644,0.03587442841548029,1.0105269337535707,0.28991293831386095
-0.009456102746427993,0.035334957726676504,1.042791858732201,0.40090485183500507
-0.011333899716002776,0.03622424895250697,0.9997043539577491,0.3440548216102122
0.03232544475964281,0.03450104918990791,1.015242134285061,0.3483385681700837
-0.00502511459870334,0.037339341557793636,1.034492738107122,0.3014622553455285
0.013582762210677187,0.036612671470969006,1.0316650837469312,0.2749637341310048
0.031376800906531964,0.035481837109968314,1.065103099428113,0.37453866569973154
-0.014629666507218227,0.03622360322828756,1.0493969758100732,0.2700838984921461
-0.013134767662012704,0.03610058895808426,1.0332189265592795,0.2895749312707892
0.02072650082452761,0.03607722145525866,1.0667868887237055,0.2855768609352789
0.0009863453636864343,0.035429079676104876,1.0268987434280918,0.3513545322872835
0.0010133702720408644,0.03663958222437982,1.0019226661730831,0.29479329659314163
0.061854574555343704,0.036373079628989426,1.0321542337726837,0.3740704615189753
0.023405981354589624,0.03428511222872494,1.0334978060427458,0.26988595722627007
-0.012058954727014336,0.035978810329136225,1.041305631056364,0.3396896176887646
0.05044555751171444,0.03562430866709252,0.9769413730078793,0.2585976765182825
0.05569164507441847,0.034417435224686356,1.0214790549345025,0.40327904253353913
0.01549239113899317,0.03607822835449897,1.0528875957950639,0.3263904366599666
0.022788093266353907,0.0346511608349667,1.0329574456473922,0.33031648518370216
0.01125729612668005,0.03618724908577833,1.0230472337899454,0.3626349988640014
-0.04216972868682127,0.03505867644209568,1.0188077997237965,0.3365721470150279
0.03127948296221835,0.03536646357743832,1.016603112281463,0.27115363767903344
0.06503792133805154,0.03681656376568307,1.0860095440665707,0.36929574082124195
-0.005257188071076764,0.03532128823144607,1.0077683222958553,0.3481763454303776
0.06636881855506103,0.03596163646952069,1.013350847018566,0.29052439278170816
0.021113891266208544,0.036824404766971124,1.0033908050991083,0.3184324501314403
-0.01996545805653859,0.03592144042145008,1.0259564877696166,0.4166843007626062
-0.05460877836108534,0.03524536998105347,1.0632718212610544,0.295416712681963
-0.012716554670352665,0.03460306877562988,1.0319784093144804,0.42144333612320034
-0.0012421775541527143,0.036003671781556425,0.9867998010689463,0.3908761178135704
-0.019781153281514793,0.036039797746875,1.0023671880550482,0.25887605391595714
0.02919807699764224,0.03467448995802937,1.024527157430496,0.40140605245375643
0.019266326555999816,0.03693589352693365,0.9989857149349287,0.26459209427042946
-0.06712894065696708,0.0357997401697711,1.0471384730752133,0.2653186068363659
-0.043177259246681594,0.03496533108505308,1.0569571431640843,0.36297202821900393
0.05249403237945424,0.03480665871014319,1.0521006885200088,0.2528157909967974
0.05524013573757611,0.03517157008852208,1.0078332417825333,0.3288772259063642
-0.01341773353758785,0.03552219749779742,1.018400054857195,0.37878156616270625
0.05198675444966275,0.03518201635721325,1.0533011907152285,0.29472329768190103
0.056958262077619344,0.03572282397234192,0.9781735072619606,0.24897652905607578
0.003778388652110169,0.035772347960928694,0.9825736433496446,0.31250030960560643
0.04013024736354347,0.03570488356279317,0.9800355817780004,0.23949152830171413
0.02655264350192432,0.034499693004266876,1.037275916789675,0.4362059372699886
0.041947099316068596,0.03661214579088538,1.0582208418636259,0.26543933961301613
0.10341123157207854,0.03531431036688627,1.0512209023969588,0.39329728846222334
0.03169002337354879,0.03600543875446025,1.0609134979755492,0.2646195462387378
-0.0023526458029625515,0.03669215915989054,1.016101142764897,0.29384041355941803
-0.08823367481944004,0.03511822756455663,0.9887085996235757,0.3197931534945559
-0.016477007715849593,0.03634479830914765,1.0317014414123606,0.28181334536460567
0.018341443409989562,0.034682076679347376,1.00515565063508,0.36605752467816477
0.005940917296832186,0.03546817811870212,1.021249619941371,0.4022067258238745
0.014802987761767802,0.03527122766814293,1.066826707282463,0.24620467035587845
0.01372716867050346,0.03679468361110211,1.0218351393729135,0.31944417412433634
-0.024715488252428877,0.03687903593597082,1.0040634739275462,0.4018925922912513
-0.008602612955718658,0.03656251312946233,1.0142393316888902,0.27719556472921086
-0.01879066697376563,0.036377770600637856,0.9559243514452075,0.2066916092379904
-0.00871277291844376,0.03545820325920297,1.0257137662605258,0.35653098607105455
-0.014334533572042158,0.0355020710733077,1.0315412524202903,0.27128888626908715
0.02649676576503183,0.036354885031534646,1.0701913594518757,0.23465900780968912
-0.014431396398885127,0.03567797492373173,0.9949034398855564,0.33701393850548367
0.0210114767167776,0.03532400594713663,1.0080800432220571,0.2632485032001932
0.01830871235880231,0.037091188812351794,1.0530685253136018,0.3315065776612076
0.060450001814950687,0.03514082711722322,1.032389468253545,0.3085023416624726
0.05437687475274341,0.03734327873831152,1.0085829166528435,0.31758955881738354
-0.005393234610713083,0.03481057548287108,1.0243202953766928,0.4006618143518441
0.0046390103416006105,0.03587412529190149,1.0284581956346586,0.3045032024138915
-0.02129589080769693,0.03593766322317351,0.9733790100702231,0.3272149171181923
-0.013958504423078803,0.036319592407791,1.0297565674440274,0.48651808127694884
-0.08459277979205287,0.03620522182549893,1.0255345861326706,0.2734094885453908
0.006413715443502706,0.03582162126110695,1.0323514505016815,0.24552859932625407
0.05598781816329197,0.03620513282331368,1.0527039498987654,0.38495732968454277
-0.04392857267241214,0.03555493610146071,1.0364067633129446,0.42671517544645776
-0.014856361064856135,0.03678036224588743,1.0844235100683004,0.2253654959960056
0.03168761179506314,0.03675719465359993,1.0340817122950976,0.28528164319974425
-0.002128745743006741,0.03603570137061149,1.0166957649199178,0.32557301050822873
-0.06525678961024636,0.03448201154947484,0.9746076653010587,0.27940663131991417
-0.07315007021384407,0.03603395585615577,0.9887733878430132,0.25445561368096137
0.05887045230307489,0.03625606982300896,1.0688830862913254,0.25963268265385964
0.006487495876957206,0.03585935522207763,1.0283743608530116,0.33667147385889673
0.010744257547419804,0.035064520172251375,1.0288076730980604,0.3287447530862282
0.03872927697490487,0.03578990137344321,1.015981637865528,0.3012556602984551
0.04624187353833786,0.03788745897048455,1.0329323218968054,0.4635344573412056
-0.012842754956757123,0.03496356160472583,0.9846184960310302,0.28959107715121885
-0.00742594454674836,0.03846855170936938,1.021592243582224,0.25114654106525713
-0.0161235437751469,0.03456076399058778,0.9778743511493392,0.3874660628166742
-0.025548435094636023,0.034793468275108354,1.0280656767287952,0.35113998718248646
0.03169095400992572,0.035271727345234594,1.0176491205395592,0.34640856164230593
0.030596698411403996,0.036621875897878804,1.0219504277021487,0.42124535274057745
-0.037426271697597296,0.035790093289130714,0.9925512381668328,0.41871893202989807
-0.012407861266076903,0.03646360924829933,1.0001484889290826,0.32464666045504653
0.022840805746316823,0.035072643185312224,1.0198748823132784,0.34934322972612464
0.025352140075118202,0.03512696355359219,0.9764949184036,0.3580407028494594
0.010186310749809958,0.037327578295586195,1.0670319311757988,0.24036956513747196
-0.07760315973476921,0.03579543027720519,1.0309951616667432,0.37288072163246094
-0.020836036736346722,0.03534829222976283,1.040744981880095,0.3082949612508652
-0.03382923967176074,0.03436122468997168,1.051029574939501,0.2615391851499164
-0.038614802742304645,0.03465051223859826,1.080871234798892,0.2950299104974711
-0.022021056347307888,0.03459247804739888,1.0806254787745793,0.39009157179709253
0.013303865885819631,0.03593378295806338,1.002926838614272,0.21039962330282946
-0.04043187435609438,0.03496429078873924,1.0267486458187853,0.23769016105550653
0.01686393265508751,0.03521159021233391,1.0140767420550867,0.3468547955863854
0.032871916093808656,0.03562082598404646,1.0563625146104358,0.3314125520404851
0.0990253905713035,0.03692431561681613,1.046620352455348,0.4458342289628004
-0.034924015004855855,0.03566756252066882,0.991022411737152,0.2759320774595448
-0.02742466955726476,0.037635069648086286,0.9882175372062327,0.3798527825123196
-0.017556720198772198,0.03686736140753852,1.0150128573971728,0.4373004748721567
-0.05611801538147464,0.036264930348279115,1.0103765391015624,0.2721894563280682
-0.046508252867760766,0.0351914093602866,1.052237012348392,0.34036622761978313
0.03718069535080238,0.038079155741240586,1.053282286919522,0.4028636652099196
-0.058993588594613504,0.0355547547267837,1.065227197384686,0.3697403664575764
-0.03622264312054226,0.035146539254756276,1.0365774948757687,0.22524334786817582
0.056365341611382645,0.03584101824949515,1.046738096995579,0.32593572721678243
0.016718223944851143,0.036481820751946545,1.0554294095095065,0.26115530567343154
-0.027655712966968803,0.035690025441819456,1.0576300144895439,0.3344654693840649
0.03522179995356673,0.036016853547359284,1.0617335364665705,0.3326318285575902
0.012455746241119121,0.035999012124180635,1.0517293689072713,0.3186215877405726
0.00977861728668239,0.036133772142301464,1.0112043869137917,0.4522344908478565
0.016232646818084173,0.03475867436592308,1.0225170489011517,0.2958699939699002
-0.016800036181793442,0.03565374690130636,1.0252857503264792,0.33394744383602265
-0.06415569916977157,0.03600137432169781,1.0480114930839406,0.2624202463631713
0.07355052511474637,0.034938573655852685,0.9725586064123743,0.28891342857101165
0.09484850970514107,0.03578205913712516,1.0122950133538953,0.3557103359247382
0.016915345751182524,0.037623333353591,1.0265477616378513,0.21223041706166562
-0.03610551266032645,0.035661752456445754,1.0558904392879043,0.24093399984997627
-0.006880263071138909,0.03596461954761231,1.070859393556105,0.4119920323437433
0.01873743989804292,0.034795338845870674,1.0068126176430945,0.32032719128797316
-0.019704314356244385,0.03461549342624729,1.058997395979859,0.3548923269441747
0.048576190827417674,0.03476776200319454,1.0684218482989052,0.2721953576741327
-0.01737444284495861,0.03514104764679754,1.0025949401737488,0.32671906557032343
-0.04115646328623327,0.0376753394407618,0.9988245046674343,0.36826149650768775
-0.02066605179722247,0.036104435480719135,0.9886343587053235,0.3277931638705613
0.05597898498434232,0.03569110682056067,1.0686253369345775,0.38626975199559976
-0.015040424936401404,0.035856187663560225,1.0471593260066046,0.25717586883766785
-0.05703336880795968,0.036106133231473395,1.0217538709023282,0.24765886791725317
-0.0008320886048778286,0.03705294631100814,1.0026999531141587,0.4432938732975409
-0.03377807225072886,0.0355456874845893,1.0170333842459165,0.3077442247106813
0.01126057698333409,0.03501408614807297,0.9826200554098293,0.3559913240402432
-0.08429942890778364,0.03770833159511173,1.0510082307694515,0.2823019357208597
0.008240636106605163,0.03569392171934482,1.0853360844980247,0.25360440634847836
-0.08027979820476226,0.03603578820515926,1.0058219422759413,0.27782715759272353
0.005313224124616759,0.03453427569759531,0.9834789669017359,0.2834514868896257
-0.0003070978168748508,0.03611968938909146,1.041442741694697,0.3030924177406998
-0.025125772752842897,0.03556083124859484,0.9790533069757732,0.34572915123996684
0.07456508480112965,0.0346349813755288,0.9903088098915627,0.31572635947052163
0.021447676837316697,0.03574611469502673,1.087454793907845,0.36573779288153585
0.004307515688260466,0.03662039310035886,1.0319099636026596,0.2670945140165897
0.0068587722003295845,0.03674517696160958,1.024287523735604,0.38240336654612045
0.0563704769565009,0.036535776277508356,1.0140967052960403,0.3999782243320487
-0.03985171248600124,0.037561177676594774,1.0209888313406201,0.22684886386519496
-0.040615119750257986,0.035997216796647184,1.012324861970655,0.29467322609712443
0.02478058778593273,0.03634343656051146,1.0421694493750726,0.3743145903247273
-0.023746934843210454,0.03548408590158226,0.9566374471233832,0.31132778440912373
-0.08112421789627428,0.03578276739431565,1.060126969884448,0.4466657835545432
0.012149672628798036,0.0342515340932664,1.0694171974117601,0.32469331316108135
-0.08182647641989022,0.03343703315224751,0.9967489176517244,0.2486444066796832
0.0017373873592065807,0.036216673081427224,1.0273114812894149,0.2899027584998353
0.047861193761438985,0.035724875484108354,1.0516109850517392,0.365095034906097
-0.02932983195346054,0.03532506131972991,0.9951938783939522,0.304379457056022
0.04907007826504469,0.03676036040061853,1.0230364146555808,0.3275646258328676
-0.04689562829430115,0.035096728619128756,1.0226057988371309,0.37425475868223335
-0.008919499273090084,0.03502108819928475,0.9825372483397737,0.31345999615083175
-0.05055706725994004,0.03483594956976568,1.051499194382799,0.4198872843366683
0.032679691114048316,0.03504183141263288,0.9986161390626506,0.4193066671215814
-0.010589311649328878,0.03422023900434269,1.0050309809226752,0.32992873830945024
-0.05627398400843063,0.03537253381484008,1.0002541631969768,0.28313227236406435
0.003051057961726576,0.036026502418271225,1.0619166126779285,0.3225525978330527
-0.005245557449219015,0.035932463361216076,0.9465053977719018,0.3754244401953437
-0.01506517350148504,0.03584729771824263,1.0361095054773566,0.23676896924790752
0.06622085639732957,0.03597300773200017,1.0049787185792,0.28389555406305345
-0.017132114802852306,0.036697561564486954,1.0125745886521702,0.37770624832487665
0.004771356749336236,0.03515732880200835,1.0406166447030105,0.306635275077134
0.01736201498898897,0.035130241297058384,1.0369627603713942,0.26366678675159805
0.016945487897060296,0.03389118272045756,0.9990697012306226,0.35830406340637644
-0.04768995282365838,0.03559067737224647,1.0160774850898968,0.2615571454043126
0.011237243693456744,0.03472594597871518,1.0064693145498396,0.33693915569862076
-0.0009064028472106929,0.035495712877704526,1.0196978014997744,0.3654050451999171
-0.021889936389115516,0.036190277764593846,1.0489708941345923,0.36686666362573006
0.030066928023771245,0.03430225002631937,1.0346053040971024,0.2172258700685151
-0.023172503278219223,0.03584832636422633,1.0634625380940999,0.27666749184098555
0.043306618255684416,0.034589154465773535,1.012078861301477,0.3655770493913901
0.015960083530820613,0.036308726669668584,1.0192853528832795,0.3815244904636277
-0.024140600958909027,0.03610781049053437,1.0050698063247723,0.30358845943248947
-0.07109671455137447,0.0370098371227334,1.0276705518888942,0.23486306464808557
0.03996016257574012,0.036778234623842256,1.053458019523389,0.31678481857571655
0.04370101483900018,0.03571297359323003,1.0486966422897592,0.27211625201168016
-0.004563715657283644,0.03553635986921565,1.006968937013185,0.2848275541640515
-0.04849854488077024,0.03596872125435677,1.0316878467000157,0.28805723168038777
-0.058250527376687726,0.03659638886347069,1.0391335472358845,0.34213675927789294
-0.013516536912936188,0.035969320661724466,1.0344993797953617,0.25338236083048427
0.007756208113392416,0.03584052123951757,1.0193563573025028,0.420366558096548
-0.0188778628865064,0.0372138923667083,1.054829569353064,0.2195275665522364
-0.03866943286136692,0.035930933622541,1.0173004858831627,0.3226815976562407
0.054978529816390606,0.03566100281702814,1.042040258600843,0.3105674676121105
0.007927656358586914,0.03724764388717189,0.9703976324571745,0.3177315428616756
-0.0037088138579535338,0.035933492635993484,0.9723564638490525,0.39748622339577766
-0.06509333015149964,0.034792041268969544,0.9919628257199689,0.33390064895583943
-0.00956133899824624,0.0362015576521054,1.0574411149136982,0.24514526167079542
-0.012532101595609076,0.03636101305799377,0.9911056338403887,0.1685507426376718
0.07487056864522919,0.03576297911202237,1.0111761366968222,0.4453193295512617
-0.035995095715885564,0.036301158075722643,0.9855388514747799,0.31060066653515095
0.02687652553840887,0.035369323852397466,1.0306301649642016,0.32010257507635137
-0.06289971042750388,0.03648212942118759,1.0796355053588051,0.28727535932259
0.026920779878861736,0.03626945239315393,1.0304551828298152,0.3562236469887038
-0.025868425654253423,0.03560972973016473,1.0270521430139954,0.2757906239697788
0.03905656828770119,0.034530565197637114,1.0597495877539445,0.309504700331744
0.04845948580019652,0.035542558161940366,1.016952517916939,0.39309273965260555
-0.03618867536390675,0.0347682873711394,1.0404797701869417,0.2984233890826624
-0.012090238470513671,0.03691566038394739,1.0039358444193285,0.22729830506742998
0.008049395406924979,0.03659323075750827,1.0417016702580966,0.18898946324045526
0.03074833600844258,0.03699430256724613,1.0832186693714796,0.3177816383314535
-0.03777182527949902,0.03638697582907959,1.0406069139855219,0.32010418056658857
0.019862759085543646,0.03589791057398005,1.006899927597025,0.28881902507107426
0.06199966405471379,0.03785409833459502,1.031633161631878,0.42474839570425715
-0.0478719306331933,0.03686483651132516,1.0407947958024384,0.2660167440974872
-0.004658907919665556,0.036672960243400804,1.0199902111952341,0.25644204266058446
-0.010247811690464145,0.03755964276776137,0.990491608396968,0.3720970901439877
0.027833285668523975,0.035933240093218514,1.034345867214371,0.2934693001821032
-0.017093896819901335,0.03459081436682095,0.9980749704053076,0.3308957512174594
-0.008719990668105918,0.03494576542953934,0.9886457018375184,0.33190403829731485
-0.021124800503621234,0.035424164860489056,1.0669798535299455,0.37078569184777255
0.04138922910261844,0.03499423837394011,0.9986035673391093,0.38287717111677333
-0.017428114751671962,0.03613687073018707,1.0795003991170347,0.3600697566449362
-0.05169724952912968,0.03753810393866003,0.9440289187957019,0.2671820439210251
-0.003107561519298178,0.0364458250072985,1.028849205585798,0.3571003732637121
-0.028292625125726643,0.03399464549500455,1.016476882816565,0.3022531257640061
-0.021002578965932946,0.0375454096764267,1.0196808430816486,0.262128409715534
-0.014755485468763551,0.0365386958665985,1.0336654021954774,0.33974291478593904
0.005884417509156958,0.0356142158539899,1.0384498557721527,0.3954076804242402
0.02244159332036101,0.03775682800524412,0.9998989630944194,0.4634461652515869
-0.00717740540211091,0.03433743632680287,1.0429645512970804,0.24483120878728323
-0.025898363774871366,0.03643732906301607,0.9951313623627783,0.2614731477139555
-0.022038727089159982,0.03626771357256265,1.038708986606298,0.2988082541882379
0.006853580622073977,0.034486756454711415,1.0029761405738273,0.3733234055980119
0.05760281656705408,0.03579613389728582,1.0092765165635589,0.2990117014528912
0.08671674500809987,0.03460049625693656,1.0297024058649977,0.40826791328579687
-0.015050446253294592,0.0351793710372458,1.0205537507026399,0.250031039103399
-0.05337037541416616,0.034838712884641895,0.9905177957747291,0.3216425206255676
0.003931303387339199,0.03564003447972565,0.9844822358502291,0.4177004606037256
-0.015885267866958003,0.036611192041152305,1.014689637275415,0.29201268920659873
0.06515200183748145,0.03617891794484369,1.0019159646673335,0.38887023070843535
0.023739244841475982,0.03608683897505411,1.0912296805798358,0.3990611138945785
0.038632251056919205,0.035523353343409884,1.0355820823805966,0.32921321104228796
0.032668892881871595,0.0361935025625422,1.0448237866424102,0.3861480072225843
0.03034333864570682,0.03478502146211806,1.0108329667495644,0.2634715361393516
0.0023596409173058273,0.035458333201087607,1.0476975775860857,0.3927876243958777
0.011464775695826719,0.03492955988043986,1.0330309306243057,0.26849974618979144
-0.027674422448281846,0.03616723360460201,1.0267300697681443,0.31998912836777443
0.014834135321881775,0.03696847008513139,1.029066223800928,0.45003486508524837
0.02132384389664671,0.0368208839154769,1.0380016758795907,0.3581332286645993
-0.007864082556544399,0.03692985566336999,1.015417978772915,0.28867159567167644
-0.03622963567686057,0.03531480987523959,1.015882250788369,0.4287974978181561
0.03779393535528911,0.03465536133358817,0.9973226915413885,0.2524281232581977
-0.004464846184049634,0.03620123923747387,0.9571108000794095,0.37952009255982677
0.010723714089599745,0.035595028676220275,1.0044813017898009,0.3411336607199611
-0.009924918997918197,0.036326169526226006,1.0489904219481274,0.3018689459417129
-0.005041017517965934,0.03524517021799288,1.0489332108919625,0.29167652112624637
-0.049836952291796945,0.03689006317670833,1.0272716062374754,0.33847968886786206
0.1073009552455935,0.03542215675570844,1.0520417458659534,0.2538346013971436
-0.06587450789605044,0.03664223760777713,1.1152085910985694,0.3381730439600477
0.009399159433062309,0.03666327634328358,1.058646401233615,0.22818606204734146
0.003335213123974806,0.036434052941213775,1.0266595127228808,0.2049347731488047
0.02208533495824063,0.03582382122855908,1.0600038482344496,0.33023374378894044
-0.002466832806592219,0.03621269671750701,1.0574537244104878,0.3128164044412986
0.05830947494593539,0.03577215059301118,1.0467598491987788,0.28021266203772727
-0.016146840044886028,0.03623036191830164,0.9813544367246837,0.2726463475363418
0.03932448546214707,0.035704127061318994,1.015844880931433,0.4209380765941359
0.013526078189257192,0.035031036303212075,1.0048083333342634,0.35628012590296826
0.01813022067439381,0.03451225542513779,0.9914140827576704,0.4050277729630761
0.019308091734409515,0.03531564594479198,1.037337905697342,0.2698759587147075
-0.04318370259057932,0.035823320334445324,1.021303368315614,0.2324900020195524
-0.0933415423943302,0.03622373223502951,1.0414811483575785,0.28770139447674303
0.0005886085041382049,0.03405368758478654,0.9939086486183291,0.2900905215452389
0.024372616054128424,0.03567757410982724,1.01180031646465,0.3113222968519742
0.026386344714957,0.03596525984905396,0.9758063731966358,0.33486543465375335
0.054948556146097484,0.03558929149979297,0.9936414503532757,0.34220203275868843
-0.04008315358596808,0.035047023791093486,1.0237684797796787,0.21920892252890223
0.03153136948012646,0.03504433718690403,1.0440266046801432,0.388667297260722
0.012716344324663582,0.035739742542400026,0.9915627922332737,0.2245424722698417
0.049554588695195106,0.03709759899143846,1.0076697535849257,0.43433895630578123
0.01583595912522007,0.037298050586227476,1.018176532873133,0.4056860900823637
-0.00794246913515494,0.036152945802297894,0.9882565694872923,0.27293681736097253
0.006683718817148319,0.03495589052166512,1.0306754008955359,0.348813842790686
0.0041864078877733414,0.03607548929863012,1.0524682734938002,0.2772985843585515
-0.0292165470723488,0.03621435572143479,1.0100591757572985,0.3080926016550633
0.050314651474023704,0.037828509014279615,1.0413663131462327,0.4524078695651904
0.013300543020657625,0.03497739054209909,1.0284525352165064,0.36438407134830997
-0.01614323833934126,0.03583111013702811,1.0199282820697828,0.30832475529572295
0.03722920240145545,0.036785586179930205,1.0571297224595053,0.3383878854696356
0.016805964902819125,0.03492154984769759,0.9815717874170344,0.29773866081532874
-0.011600958644058157,0.03649792226159166,1.0751751606283944,0.306456320663607
-0.010235781629760472,0.03555152523837378,1.0608702406614763,0.3575349107504368
0.06327162965366878,0.03556163228261418,1.041325577511322,0.26488162907546514
-0.00019466265283561064,0.036167839398976824,1.0200220007435845,0.27023950929014706
0.026263776709480716,0.03619935823801573,1.027417608587493,0.21946854315036893
-0.030868687609342898,0.03600643313090157,1.0137299924619798,0.3049424060249204
0.08598705056950053,0.03643520396041151,1.0447638490368607,0.28696654107553066
